Дата и время (UTC),Ракета,Площадка,Успех
2006-03-24T22:30:00.000Z,Falcon 1,Kwajalein Atoll,False
2007-03-21T01:10:00.000Z,Falcon 1,Kwajalein Atoll,False
2008-08-03T03:34:00.000Z,Falcon 1,Kwajalein Atoll,False
2008-09-28T23:15:00.000Z,Falcon 1,Kwajalein Atoll,True
2009-07-13T03:35:00.000Z,Falcon 1,Kwajalein Atoll,True
2010-06-04T18:45:00.000Z,Falcon 9,Space Launch Complex 40,True
2010-12-08T15:43:00.000Z,Falcon 9,Space Launch Complex 40,True
2012-05-22T07:44:00.000Z,Falcon 9,Space Launch Complex 40,True
2012-10-08T00:35:00.000Z,Falcon 9,Space Launch Complex 40,True
2013-03-01T19:10:00.000Z,Falcon 9,Space Launch Complex 40,True
2013-09-29T16:00:00.000Z,Falcon 9,Space Launch Complex 4E,True
2013-12-03T22:41:00.000Z,Falcon 9,Space Launch Complex 40,True
2014-01-06T18:06:00.000Z,Falcon 9,Space Launch Complex 40,True
2014-04-18T19:25:00.000Z,Falcon 9,Space Launch Complex 40,True
2014-07-14T15:15:00.000Z,Falcon 9,Space Launch Complex 40,True
2014-08-05T08:00:00.000Z,Falcon 9,Space Launch Complex 40,True
2014-09-07T05:00:00.000Z,Falcon 9,Space Launch Complex 40,True
2014-09-21T05:52:00.000Z,Falcon 9,Space Launch Complex 40,True
2015-01-10T09:47:00.000Z,Falcon 9,Space Launch Complex 40,True
2015-02-11T23:03:00.000Z,Falcon 9,Space Launch Complex 40,True
2015-03-02T03:50:00.000Z,Falcon 9,Space Launch Complex 40,True
2015-04-14T20:10:00.000Z,Falcon 9,Space Launch Complex 40,True
2015-04-27T23:03:00.000Z,Falcon 9,Space Launch Complex 40,True
2015-06-28T14:21:00.000Z,Falcon 9,Space Launch Complex 40,False
2015-12-22T01:29:00.000Z,Falcon 9,Space Launch Complex 40,True
2016-01-17T15:42:00.000Z,Falcon 9,Space Launch Complex 4E,True
2016-03-04T23:35:00.000Z,Falcon 9,Space Launch Complex 40,True
2016-04-08T20:43:00.000Z,Falcon 9,Space Launch Complex 40,True
2016-05-06T05:21:00.000Z,Falcon 9,Space Launch Complex 40,True
2016-05-27T21:39:00.000Z,Falcon 9,Space Launch Complex 40,True
2016-06-15T14:29:00.000Z,Falcon 9,Space Launch Complex 40,True
2016-07-18T04:45:00.000Z,Falcon 9,Space Launch Complex 40,True
2016-08-14T05:26:00.000Z,Falcon 9,Space Launch Complex 40,True
2016-09-01T13:07:00.000Z,Falcon 9,Space Launch Complex 40,False
2017-01-14T17:54:00.000Z,Falcon 9,Space Launch Complex 4E,True
2017-02-19T14:39:00.000Z,Falcon 9,Launch Complex 39A,True
2017-03-16T06:00:00.000Z,Falcon 9,Launch Complex 39A,True
2017-03-30T22:27:00.000Z,Falcon 9,Launch Complex 39A,True
2017-05-01T11:15:00.000Z,Falcon 9,Launch Complex 39A,True
2017-05-15T23:21:00.000Z,Falcon 9,Launch Complex 39A,True
2017-06-03T21:07:00.000Z,Falcon 9,Launch Complex 39A,True
2017-06-23T19:10:00.000Z,Falcon 9,Launch Complex 39A,True
2017-06-25T20:25:00.000Z,Falcon 9,Space Launch Complex 4E,True
2017-07-05T23:35:00.000Z,Falcon 9,Launch Complex 39A,True
2017-08-14T16:31:00.000Z,Falcon 9,Launch Complex 39A,True
2017-08-24T18:50:00.000Z,Falcon 9,Space Launch Complex 4E,True
2017-09-07T13:50:00.000Z,Falcon 9,Launch Complex 39A,True
2017-10-09T12:37:00.000Z,Falcon 9,Space Launch Complex 4E,True
2017-10-11T22:53:00.000Z,Falcon 9,Launch Complex 39A,True
2017-10-30T19:34:00.000Z,Falcon 9,Launch Complex 39A,True
2017-12-15T15:36:00.000Z,Falcon 9,Space Launch Complex 40,True
2017-12-23T01:27:23.000Z,Falcon 9,Space Launch Complex 4E,True
2018-01-08T01:00:00.000Z,Falcon 9,Space Launch Complex 40,True
2018-01-31T21:25:00.000Z,Falcon 9,Space Launch Complex 40,True
2018-02-06T20:45:00.000Z,Falcon Heavy,Launch Complex 39A,True
2018-02-22T14:17:00.000Z,Falcon 9,Space Launch Complex 4E,True
2018-03-06T05:33:00.000Z,Falcon 9,Space Launch Complex 40,True
2018-03-30T14:13:51.000Z,Falcon 9,Space Launch Complex 4E,True
2018-04-02T20:30:41.000Z,Falcon 9,Space Launch Complex 40,True
2018-04-18T22:51:00.000Z,Falcon 9,Space Launch Complex 40,True
2018-05-11T20:14:00.000Z,Falcon 9,Launch Complex 39A,True
2018-05-22T19:47:58.000Z,Falcon 9,Space Launch Complex 4E,True
2018-06-04T04:45:00.000Z,Falcon 9,Space Launch Complex 40,True
2018-06-29T09:42:00.000Z,Falcon 9,Space Launch Complex 40,True
2018-07-22T05:50:00.000Z,Falcon 9,Space Launch Complex 40,True
2018-07-25T11:39:26.000Z,Falcon 9,Space Launch Complex 4E,True
2018-08-07T05:18:00.000Z,Falcon 9,Space Launch Complex 40,True
2018-09-10T04:45:00.000Z,Falcon 9,Space Launch Complex 40,True
2018-10-08T02:22:00.000Z,Falcon 9,Space Launch Complex 4E,True
2018-11-15T20:46:00.000Z,Falcon 9,Launch Complex 39A,True
2018-12-03T18:34:00.000Z,Falcon 9,Space Launch Complex 4E,True
2018-12-05T18:16:00.000Z,Falcon 9,Space Launch Complex 40,True
2018-12-23T13:51:00.000Z,Falcon 9,Space Launch Complex 40,True
2019-01-11T15:31:00.000Z,Falcon 9,Space Launch Complex 4E,True
2019-02-22T01:45:00.000Z,Falcon 9,Space Launch Complex 40,True
2019-03-02T07:45:00.000Z,Falcon 9,Launch Complex 39A,True
2019-04-11T22:35:00.000Z,Falcon Heavy,Launch Complex 39A,True
2019-05-04T06:48:00.000Z,Falcon 9,Space Launch Complex 40,True
2019-05-24T02:30:00.000Z,Falcon 9,Space Launch Complex 40,True
2019-06-12T14:17:00.000Z,Falcon 9,Space Launch Complex 4E,True
2019-06-25T03:30:00.000Z,Falcon Heavy,Launch Complex 39A,True
2019-07-25T22:01:00.000Z,Falcon 9,Space Launch Complex 40,True
2019-08-06T22:52:00.000Z,Falcon 9,Space Launch Complex 40,True
2019-11-11T14:56:00.000Z,Falcon 9,Space Launch Complex 40,True
2019-12-05T17:29:23.000Z,Falcon 9,Space Launch Complex 40,True
2019-12-17T00:10:00.000Z,Falcon 9,Space Launch Complex 40,True
2020-01-07T02:19:00.000Z,Falcon 9,Space Launch Complex 40,True
2020-01-19T14:00:00.000Z,Falcon 9,Launch Complex 39A,True
2020-01-29T14:06:00.000Z,Falcon 9,Space Launch Complex 40,True
2020-02-17T15:05:55.000Z,Falcon 9,Space Launch Complex 40,True
2020-03-07T04:50:31.000Z,Falcon 9,Space Launch Complex 40,True
2020-03-18T12:16:00.000Z,Falcon 9,Launch Complex 39A,True
2020-04-22T19:30:00.000Z,Falcon 9,Launch Complex 39A,True
2020-05-30T19:22:00.000Z,Falcon 9,Launch Complex 39A,True
2020-06-04T01:25:00.000Z,Falcon 9,Space Launch Complex 40,True
2020-06-13T09:21:00.000Z,Falcon 9,Space Launch Complex 40,True
2020-06-30T19:55:00.000Z,Falcon 9,Space Launch Complex 40,True
2020-07-20T21:30:00.000Z,Falcon 9,Space Launch Complex 40,True
2020-08-07T05:12:00.000Z,Falcon 9,Launch Complex 39A,True
2020-08-18T14:31:00.000Z,Falcon 9,Space Launch Complex 40,True
2020-08-30T23:18:00.000Z,Falcon 9,Space Launch Complex 40,True
2020-09-03T12:46:00.000Z,Falcon 9,Launch Complex 39A,True
2020-10-06T11:29:00.000Z,Falcon 9,Launch Complex 39A,True
2020-10-18T12:25:00.000Z,Falcon 9,Launch Complex 39A,True
2020-10-24T15:31:00.000Z,Falcon 9,Space Launch Complex 40,True
2020-11-05T23:24:00.000Z,Falcon 9,Space Launch Complex 40,True
2020-11-16T00:27:00.000Z,Falcon 9,Launch Complex 39A,True
2020-11-21T17:17:00.000Z,Falcon 9,Space Launch Complex 4E,True
2020-11-25T02:13:00.000Z,Falcon 9,Space Launch Complex 40,True
2020-12-06T16:17:00.000Z,Falcon 9,Launch Complex 39A,True
2020-12-13T17:30:00.000Z,Falcon 9,Space Launch Complex 40,True
2020-12-19T14:00:00.000Z,Falcon 9,Launch Complex 39A,True
2021-01-08T02:15:00.000Z,Falcon 9,Space Launch Complex 40,True
2021-01-20T13:02:00.000Z,Falcon 9,Launch Complex 39A,True
2021-01-24T15:00:00.000Z,Falcon 9,Space Launch Complex 40,True
2021-02-04T06:19:00.000Z,Falcon 9,Space Launch Complex 40,True
2021-02-16T03:59:00.000Z,Falcon 9,Space Launch Complex 40,True
2021-03-04T08:24:00.000Z,Falcon 9,Launch Complex 39A,True
2021-03-11T08:13:00.000Z,Falcon 9,Space Launch Complex 40,True
2021-03-14T10:01:00.000Z,Falcon 9,Launch Complex 39A,True
2021-03-24T08:28:00.000Z,Falcon 9,Space Launch Complex 40,True
2021-04-07T16:34:00.000Z,Falcon 9,Space Launch Complex 40,True
2021-04-23T09:49:00.000Z,Falcon 9,Launch Complex 39A,True
2021-04-29T03:44:00.000Z,Falcon 9,Space Launch Complex 40,True
2021-05-04T19:01:00.000Z,Falcon 9,Launch Complex 39A,True
2021-05-09T06:42:00.000Z,Falcon 9,Space Launch Complex 40,True
2021-05-15T22:54:00.000Z,Falcon 9,Launch Complex 39A,True
2021-05-26T18:59:00.000Z,Falcon 9,Space Launch Complex 40,True
2021-06-03T17:29:00.000Z,Falcon 9,Launch Complex 39A,True
2021-06-06T04:26:00.000Z,Falcon 9,Space Launch Complex 40,True
2021-06-17T16:09:00.000Z,Falcon 9,Space Launch Complex 40,True
2021-06-30T19:31:00.000Z,Falcon 9,Space Launch Complex 40,True
2021-08-29T07:14:00.000Z,Falcon 9,Launch Complex 39A,True
2021-09-14T03:55:00.000Z,Falcon 9,Space Launch Complex 4E,True
2021-09-16T00:02:00.000Z,Falcon 9,Launch Complex 39A,True
2021-11-11T02:03:00.000Z,Falcon 9,Launch Complex 39A,True
2021-11-13T12:40:00.000Z,Falcon 9,Space Launch Complex 40,True
2021-11-24T06:20:00.000Z,Falcon 9,Space Launch Complex 4E,True
2021-12-01T23:20:00.000Z,Falcon 9,Space Launch Complex 40,True
2021-12-09T06:00:00.000Z,Falcon 9,Launch Complex 39A,True
2021-12-18T12:41:40.000Z,Falcon 9,Space Launch Complex 4E,True
2021-12-19T03:58:00.000Z,Falcon 9,Space Launch Complex 40,True
2021-12-21T10:06:00.000Z,Falcon 9,Launch Complex 39A,True
2022-01-06T21:49:00.000Z,Falcon 9,Launch Complex 39A,True
2022-01-13T15:25:00.000Z,Falcon 9,Space Launch Complex 40,True
2022-01-19T00:04:00.000Z,Falcon 9,Launch Complex 39A,True
2022-01-31T23:11:12.000Z,Falcon 9,Space Launch Complex 40,True
2022-02-02T20:18:00.000Z,Falcon 9,Space Launch Complex 4E,True
2022-02-03T18:13:00.000Z,Falcon 9,Launch Complex 39A,True
2022-02-21T14:44:00.000Z,Falcon 9,Space Launch Complex 40,True
2022-02-25T17:12:00.000Z,Falcon 9,Space Launch Complex 4E,True
2022-03-03T14:35:00.000Z,Falcon 9,Launch Complex 39A,True
2022-03-09T13:45:00.000Z,Falcon 9,Space Launch Complex 40,True
2022-03-19T03:24:00.000Z,Falcon 9,Space Launch Complex 40,True
2022-04-01T16:24:00.000Z,Falcon 9,Space Launch Complex 40,True
2022-04-08T15:17:00.000Z,Falcon 9,Launch Complex 39A,True
2022-04-17T13:13:00.000Z,Falcon 9,Space Launch Complex 4E,True
2022-04-21T15:16:00.000Z,Falcon 9,Space Launch Complex 40,True
2022-04-27T07:52:00.000Z,Falcon 9,Launch Complex 39A,True
2022-04-29T21:27:00.000Z,Falcon 9,Space Launch Complex 40,True
2022-05-06T09:42:00.000Z,Falcon 9,Launch Complex 39A,True
2022-05-13T22:07:00.000Z,Falcon 9,Space Launch Complex 4E,True
2022-05-14T20:40:00.000Z,Falcon 9,Space Launch Complex 40,True
2022-05-18T10:40:00.000Z,Falcon 9,Launch Complex 39A,True
2022-05-25T18:27:00.000Z,Falcon 9,Space Launch Complex 40,True
2022-06-01T17:08:50.000Z,Falcon 9,Launch Complex 39A,True
2022-06-08T21:04:00.000Z,Falcon 9,Space Launch Complex 40,True
2022-06-18T14:19:00.000Z,Falcon 9,Space Launch Complex 4E,True
2022-06-19T04:27:00.000Z,Falcon 9,Space Launch Complex 40,True
2022-06-29T21:04:00.000Z,Falcon 9,Space Launch Complex 40,True
2022-07-07T13:11:00.000Z,Falcon 9,Space Launch Complex 40,True
2022-07-11T01:39:00.000Z,Falcon 9,Space Launch Complex 4E,
2022-07-15T00:44:00.000Z,Falcon 9,Launch Complex 39A,True
2022-07-17T14:50:00.000Z,Falcon 9,Space Launch Complex 40,True
2022-07-21T17:13:00.000Z,Falcon 9,Space Launch Complex 4E,True
2022-07-24T00:00:00.000Z,Falcon 9,Space Launch Complex 40,True
2022-08-04T23:08:00.000Z,Falcon 9,Space Launch Complex 40,True
2022-08-09T22:57:00.000Z,Falcon 9,Launch Complex 39A,True
2022-08-12T21:30:00.000Z,Falcon 9,Space Launch Complex 4E,True
2022-08-19T19:24:00.000Z,Falcon 9,Space Launch Complex 40,True
2022-08-28T02:22:00.000Z,Falcon 9,Launch Complex 39A,True
2022-08-31T05:40:00.000Z,Falcon 9,Space Launch Complex 4E,True
2022-09-05T02:09:00.000Z,Falcon 9,Space Launch Complex 40,True
2022-09-11T01:10:00.000Z,Falcon 9,Launch Complex 39A,True
2022-09-17T01:05:00.000Z,Falcon 9,Space Launch Complex 40,True
2022-09-24T23:30:00.000Z,Falcon 9,Space Launch Complex 40,True
2022-10-05T16:00:00.000Z,Falcon 9,Launch Complex 39A,True
2022-10-08T23:05:00.000Z,Falcon 9,Space Launch Complex 40,
2022-10-15T05:22:00.000Z,Falcon 9,Space Launch Complex 40,
2022-10-20T14:50:00.000Z,Falcon 9,Space Launch Complex 40,
2022-11-01T00:00:00.000Z,Falcon 9,Space Launch Complex 40,
2022-11-01T00:00:00.000Z,Falcon 9,Space Launch Complex 40,
2022-11-01T00:00:00.000Z,Falcon 9,Space Launch Complex 40,
2022-11-01T13:41:00.000Z,Falcon Heavy,Launch Complex 39A,
2022-11-03T03:24:00.000Z,Falcon 9,Space Launch Complex 40,
2022-11-08T00:00:00.000Z,Falcon 9,Space Launch Complex 40,
2022-11-15T00:00:00.000Z,Falcon 9,Space Launch Complex 40,
2022-11-18T22:00:00.000Z,Falcon 9,Launch Complex 39A,
2022-11-22T00:00:00.000Z,Falcon 9,Space Launch Complex 40,
2022-12-01T00:00:00.000Z,Falcon 9,Space Launch Complex 40,
2022-12-01T00:00:00.000Z,Falcon 9,Space Launch Complex 4E,
2022-12-01T00:00:00.000Z,Falcon 9,Space Launch Complex 40,
2022-12-01T00:00:00.000Z,Falcon Heavy,Launch Complex 39A,
2022-12-01T00:00:00.000Z,Falcon 9,Space Launch Complex 40,
2022-12-05T00:00:00.000Z,Falcon 9,Space Launch Complex 4E,
2023-01-03T14:55:56Z,Falcon 9,Space Launch Complex 40,True
2023-01-10T04:50:17Z,Falcon 9,Space Launch Complex 40,True
2023-01-15T22:56:00Z,Falcon Heavy,Launch Complex 39A,True
2023-01-18T12:24:00Z,Falcon 9,Space Launch Complex 40,True
2023-01-19T15:43:10Z,Falcon 9,Space Launch Complex 4E,True
2023-01-26T09:32:20Z,Falcon 9,Space Launch Complex 40,True
2023-01-31T16:15:00Z,Falcon 9,Space Launch Complex 4E,True
2023-02-02T07:58:20Z,Falcon 9,Launch Complex 39A,True
2023-02-07T01:32:00Z,Falcon 9,Space Launch Complex 40,True
2023-02-12T05:10:10Z,Falcon 9,Space Launch Complex 40,True
2023-02-17T19:12:20Z,Falcon 9,Space Launch Complex 4E,True
2023-02-18T03:59:00Z,Falcon 9,Space Launch Complex 40,True
2023-02-27T23:13:50Z,Falcon 9,Space Launch Complex 40,True
2023-03-02T05:34:14Z,Falcon 9,Launch Complex 39A,True
2023-03-03T18:38:50Z,Falcon 9,Space Launch Complex 4E,True
2023-03-09T19:13:28Z,Falcon 9,Space Launch Complex 40,True
2023-03-15T00:30:42Z,Falcon 9,Launch Complex 39A,True
2023-03-17T19:26:40Z,Falcon 9,Space Launch Complex 4E,True
2023-03-17T23:38:00Z,Falcon 9,Space Launch Complex 40,True
2023-03-24T15:43:10Z,Falcon 9,Space Launch Complex 40,True
2023-03-29T20:01:00Z,Falcon 9,Space Launch Complex 40,True
2023-04-02T14:29:00Z,Falcon 9,Space Launch Complex 4E,True
2023-04-07T04:30:00Z,Falcon 9,Space Launch Complex 40,True
2023-04-15T06:47:39Z,Falcon 9,Space Launch Complex 4E,True
2023-04-19T14:31:10Z,Falcon 9,Space Launch Complex 40,True
2023-04-20T13:33:09Z,Starship,Orbital Launch Pad 1,False
2023-04-27T13:40:50Z,Falcon 9,Space Launch Complex 4E,True
2023-04-28T22:12:00Z,Falcon 9,Space Launch Complex 40,True
2023-05-01T00:26:00Z,Falcon Heavy,Launch Complex 39A,True
2023-05-04T07:31:00Z,Falcon 9,Space Launch Complex 40,True
2023-05-10T20:09:00Z,Falcon 9,Space Launch Complex 4E,True
2023-05-14T05:03:50Z,Falcon 9,Space Launch Complex 40,True
2023-05-19T06:19:30Z,Falcon 9,Space Launch Complex 40,True
2023-05-20T13:16:33Z,Falcon 9,Space Launch Complex 4E,True
2023-05-21T21:37:09Z,Falcon 9,Launch Complex 39A,True
2023-05-27T04:30:00Z,Falcon 9,Space Launch Complex 40,True
2023-05-31T06:02:30Z,Falcon 9,Space Launch Complex 4E,True
2023-06-04T12:20:00Z,Falcon 9,Space Launch Complex 40,True
2023-06-05T15:47:00Z,Falcon 9,Launch Complex 39A,True
2023-06-12T07:10:50Z,Falcon 9,Space Launch Complex 40,True
2023-06-12T21:35:00Z,Falcon 9,Space Launch Complex 4E,True
2023-06-18T22:21:00Z,Falcon 9,Space Launch Complex 40,True
2023-06-22T07:19:00Z,Falcon 9,Space Launch Complex 4E,True
2023-06-23T15:35:10Z,Falcon 9,Space Launch Complex 40,True
2023-07-01T15:12:00Z,Falcon 9,Space Launch Complex 40,True
2023-07-07T19:29:50Z,Falcon 9,Space Launch Complex 4E,True
2023-07-10T03:58:50Z,Falcon 9,Space Launch Complex 40,True
2023-07-16T03:50:00Z,Falcon 9,Space Launch Complex 40,True
2023-07-20T04:09:30Z,Falcon 9,Space Launch Complex 4E,True
2023-07-24T00:50:30Z,Falcon 9,Space Launch Complex 40,True
2023-07-28T04:01:10Z,Falcon 9,Space Launch Complex 40,True
2023-07-29T03:04:00Z,Falcon Heavy,Launch Complex 39A,True
2023-08-03T05:00:00Z,Falcon 9,Space Launch Complex 40,True
2023-08-07T02:41:10Z,Falcon 9,Space Launch Complex 40,True
2023-08-08T03:57:00Z,Falcon 9,Space Launch Complex 4E,True
2023-08-11T05:17:40Z,Falcon 9,Space Launch Complex 40,True
2023-08-17T03:36:50Z,Falcon 9,Space Launch Complex 40,True
2023-08-22T09:37:30Z,Falcon 9,Space Launch Complex 4E,True
2023-08-26T07:27:27Z,Falcon 9,Launch Complex 39A,True
2023-08-27T01:05:40Z,Falcon 9,Space Launch Complex 40,True
2023-09-01T02:21:50Z,Falcon 9,Space Launch Complex 40,True
2023-09-02T14:25:00Z,Falcon 9,Space Launch Complex 4E,True
2023-09-04T02:47:20Z,Falcon 9,Launch Complex 39A,True
2023-09-09T03:12:50Z,Falcon 9,Space Launch Complex 40,True
2023-09-12T06:57:50Z,Falcon 9,Space Launch Complex 4E,True
2023-09-16T03:38:20Z,Falcon 9,Space Launch Complex 40,True
2023-09-20T03:38:10Z,Falcon 9,Space Launch Complex 40,True
2023-09-24T03:38:30Z,Falcon 9,Space Launch Complex 40,True
2023-09-25T08:48:20Z,Falcon 9,Space Launch Complex 4E,True
2023-09-30T02:00:00Z,Falcon 9,Space Launch Complex 40,True
2023-10-05T05:36:30Z,Falcon 9,Space Launch Complex 40,True
2023-10-09T07:43:00Z,Falcon 9,Space Launch Complex 4E,True
2023-10-13T14:19:43Z,Falcon Heavy,Launch Complex 39A,True
2023-10-13T23:01:10Z,Falcon 9,Space Launch Complex 40,True
2023-10-18T00:39:00Z,Falcon 9,Space Launch Complex 40,True
2023-10-21T08:23:00Z,Falcon 9,Space Launch Complex 4E,True
2023-10-22T02:17:00Z,Falcon 9,Space Launch Complex 40,True
2023-10-29T09:00:00Z,Falcon 9,Space Launch Complex 4E,True
2023-10-30T23:20:30Z,Falcon 9,Space Launch Complex 40,True
2023-11-04T00:37:20Z,Falcon 9,Space Launch Complex 40,True
2023-11-08T05:05:30Z,Falcon 9,Space Launch Complex 40,True
2023-11-10T01:28:14Z,Falcon 9,Launch Complex 39A,True
2023-11-11T18:49:00Z,Falcon 9,Space Launch Complex 4E,True
2023-11-12T21:08:00Z,Falcon 9,Space Launch Complex 40,True
2023-11-18T05:05:50Z,Falcon 9,Space Launch Complex 40,True
2023-11-18T13:02:50Z,Starship,Orbital Launch Pad 1,False
2023-11-20T10:30:40Z,Falcon 9,Space Launch Complex 4E,True
2023-11-22T07:47:40Z,Falcon 9,Space Launch Complex 40,True
2023-11-28T04:20:00Z,Falcon 9,Space Launch Complex 40,True
2023-12-01T18:19:00Z,Falcon 9,Space Launch Complex 4E,True
2023-12-03T04:00:50Z,Falcon 9,Space Launch Complex 40,True
2023-12-07T05:07:30Z,Falcon 9,Space Launch Complex 40,True
2023-12-08T08:03:40Z,Falcon 9,Space Launch Complex 4E,True
2023-12-19T04:01:00Z,Falcon 9,Space Launch Complex 40,True
2023-12-23T05:33:00Z,Falcon 9,Space Launch Complex 40,True
2023-12-24T13:11:00Z,Falcon 9,Space Launch Complex 4E,True
2023-12-29T01:07:00Z,Falcon Heavy,Launch Complex 39A,True
2023-12-29T04:01:40Z,Falcon 9,Space Launch Complex 40,True
2024-01-03T03:44:20Z,Falcon 9,Space Launch Complex 4E,True
2024-01-03T23:04:00Z,Falcon 9,Space Launch Complex 40,True
2024-01-07T22:35:40Z,Falcon 9,Space Launch Complex 40,True
2024-01-14T08:59:30Z,Falcon 9,Space Launch Complex 4E,True
2024-01-15T01:52:00Z,Falcon 9,Space Launch Complex 40,True
2024-01-18T21:49:11Z,Falcon 9,Launch Complex 39A,True
2024-01-24T00:35:00Z,Falcon 9,Space Launch Complex 4E,True
2024-01-29T01:10:00Z,Falcon 9,Launch Complex 39A,True
2024-01-29T05:57:20Z,Falcon 9,Space Launch Complex 4E,True
2024-01-30T17:07:21Z,Falcon 9,Space Launch Complex 40,True
2024-02-08T06:33:36Z,Falcon 9,Space Launch Complex 40,True
2024-02-10T00:34:00Z,Falcon 9,Space Launch Complex 4E,True
2024-02-14T22:30:00Z,Falcon 9,Space Launch Complex 40,True
2024-02-15T06:05:37Z,Falcon 9,Launch Complex 39A,True
2024-02-15T21:34:30Z,Falcon 9,Space Launch Complex 4E,True
2024-02-20T20:11:00Z,Falcon 9,Space Launch Complex 40,True
2024-02-23T04:11:50Z,Falcon 9,Space Launch Complex 4E,True
2024-02-25T22:06:00Z,Falcon 9,Space Launch Complex 40,True
2024-02-29T15:30:00Z,Falcon 9,Space Launch Complex 40,True
2024-03-04T03:53:38Z,Falcon 9,Launch Complex 39A,True
2024-03-04T22:05:00Z,Falcon 9,Space Launch Complex 4E,True
2024-03-04T23:56:00Z,Falcon 9,Space Launch Complex 40,True
2024-03-10T23:05:00Z,Falcon 9,Space Launch Complex 40,True
2024-03-11T04:09:00Z,Falcon 9,Space Launch Complex 4E,True
2024-03-14T13:25:00Z,Starship,Orbital Launch Pad 1,True
2024-03-16T00:21:00Z,Falcon 9,Launch Complex 39A,True
2024-03-19T02:28:00Z,Falcon 9,Space Launch Complex 4E,True
2024-03-21T20:55:09Z,Falcon 9,Space Launch Complex 40,True
2024-03-24T03:09:00Z,Falcon 9,Launch Complex 39A,True
2024-03-25T23:42:00Z,Falcon 9,Space Launch Complex 40,True
2024-03-30T21:52:00Z,Falcon 9,Launch Complex 39A,True
2024-03-31T01:30:00Z,Falcon 9,Space Launch Complex 40,True
2024-04-02T02:30:00Z,Falcon 9,Space Launch Complex 4E,True
2024-04-05T09:12:00Z,Falcon 9,Space Launch Complex 40,True
2024-04-07T02:25:00Z,Falcon 9,Space Launch Complex 4E,True
2024-04-07T23:16:57Z,Falcon 9,Launch Complex 39A,True
2024-04-10T05:40:00Z,Falcon 9,Space Launch Complex 40,True
2024-04-11T14:25:00Z,Falcon 9,Space Launch Complex 4E,True
2024-04-13T01:40:00Z,Falcon 9,Space Launch Complex 40,True
2024-04-17T21:26:00Z,Falcon 9,Launch Complex 39A,True
2024-04-18T22:40:00Z,Falcon 9,Space Launch Complex 40,True
2024-04-23T22:17:00Z,Falcon 9,Space Launch Complex 40,True
2024-04-28T00:34:00Z,Falcon 9,Launch Complex 39A,True
2024-04-28T22:08:00Z,Falcon 9,Space Launch Complex 40,True
2024-05-02T18:36:00Z,Falcon 9,Space Launch Complex 4E,True
2024-05-03T02:37:00Z,Falcon 9,Space Launch Complex 40,True
2024-05-06T18:14:00Z,Falcon 9,Space Launch Complex 40,True
2024-05-08T18:42:00Z,Falcon 9,Launch Complex 39A,True
2024-05-10T04:30:00Z,Falcon 9,Space Launch Complex 4E,True
2024-05-13T00:53:00Z,Falcon 9,Space Launch Complex 40,True
2024-05-14T18:39:00Z,Falcon 9,Space Launch Complex 4E,True
2024-05-18T00:32:00Z,Falcon 9,Space Launch Complex 40,True
2024-05-22T08:00:00Z,Falcon 9,Space Launch Complex 4E,True
2024-05-23T02:35:00Z,Falcon 9,Space Launch Complex 40,True
2024-05-24T02:45:00Z,Falcon 9,Launch Complex 39A,True
2024-05-28T14:24:00Z,Falcon 9,Space Launch Complex 40,True
2024-05-28T22:20:10Z,Falcon 9,Space Launch Complex 4E,True
2024-06-01T02:37:00Z,Falcon 9,Space Launch Complex 40,True
2024-06-05T02:16:00Z,Falcon 9,Space Launch Complex 40,True
2024-06-06T12:50:00Z,Starship,Orbital Launch Pad 1,True
2024-06-08T01:56:00Z,Falcon 9,Space Launch Complex 40,True
2024-06-08T12:58:00Z,Falcon 9,Space Launch Complex 4E,True
2024-06-19T03:40:00Z,Falcon 9,Space Launch Complex 4E,True
2024-06-20T21:35:00Z,Falcon 9,Space Launch Complex 40,True
2024-06-23T17:15:00Z,Falcon 9,Space Launch Complex 40,True
2024-06-24T03:47:00Z,Falcon 9,Space Launch Complex 4E,True
2024-06-25T21:26:00Z,Falcon Heavy,Launch Complex 39A,True
2024-06-27T11:14:00Z,Falcon 9,Space Launch Complex 40,True
2024-06-29T03:14:00Z,Falcon 9,Space Launch Complex 4E,True
2024-07-03T08:55:00Z,Falcon 9,Space Launch Complex 40,True
2024-07-08T23:30:00Z,Falcon 9,Space Launch Complex 40,True
2024-07-12T02:35:00Z,Falcon 9,Space Launch Complex 4E,False
2024-07-27T05:45:00Z,Falcon 9,Launch Complex 39A,True
2024-07-28T05:09:00Z,Falcon 9,Space Launch Complex 40,True
2024-07-28T09:22:00Z,Falcon 9,Space Launch Complex 4E,True
2024-08-02T05:01:00Z,Falcon 9,Launch Complex 39A,True
2024-08-04T07:24:00Z,Falcon 9,Space Launch Complex 4E,True
2024-08-04T15:02:53Z,Falcon 9,Space Launch Complex 40,True
2024-08-10T12:50:00Z,Falcon 9,Space Launch Complex 40,True
2024-08-12T02:02:00Z,Falcon 9,Space Launch Complex 4E,True
2024-08-12T10:37:00Z,Falcon 9,Launch Complex 39A,True
2024-08-15T13:00:00Z,Falcon 9,Space Launch Complex 40,True
2024-08-16T18:56:00Z,Falcon 9,Space Launch Complex 4E,True
2024-08-20T13:20:00Z,Falcon 9,Space Launch Complex 40,True
2024-08-28T07:48:00Z,Falcon 9,Space Launch Complex 40,True
2024-08-31T07:43:00Z,Falcon 9,Space Launch Complex 40,True
2024-08-31T08:48:00Z,Falcon 9,Space Launch Complex 4E,True
2024-09-05T15:33:00Z,Falcon 9,Space Launch Complex 40,True
2024-09-06T03:20:00Z,Falcon 9,Space Launch Complex 4E,True
2024-09-10T09:23:49Z,Falcon 9,Launch Complex 39A,True
2024-09-12T08:52:00Z,Falcon 9,Space Launch Complex 40,True
2024-09-13T01:45:00Z,Falcon 9,Space Launch Complex 4E,True
2024-09-17T22:50:49Z,Falcon 9,Space Launch Complex 40,True
2024-09-20T13:50:00Z,Falcon 9,Space Launch Complex 4E,True
2024-09-25T04:01:20Z,Falcon 9,Space Launch Complex 4E,True
2024-09-28T17:17:21Z,Falcon 9,Space Launch Complex 40,True
2024-10-07T14:52:11Z,Falcon 9,Space Launch Complex 40,True
2024-10-13T12:25:00Z,Starship,Orbital Launch Pad 1,True
2024-10-14T16:06:00Z,Falcon Heavy,Launch Complex 39A,True
2024-10-15T06:10:00Z,Falcon 9,Space Launch Complex 40,True
2024-10-15T08:21:00Z,Falcon 9,Space Launch Complex 4E,True
2024-10-18T23:31:00Z,Falcon 9,Space Launch Complex 40,True
2024-10-20T05:13:00Z,Falcon 9,Space Launch Complex 4E,True
2024-10-23T21:47:00Z,Falcon 9,Space Launch Complex 40,True
2024-10-24T17:14:00Z,Falcon 9,Space Launch Complex 4E,True
2024-10-26T21:47:00Z,Falcon 9,Space Launch Complex 40,True
2024-10-30T12:07:00Z,Falcon 9,Space Launch Complex 4E,True
2024-10-30T21:10:00Z,Falcon 9,Space Launch Complex 40,True
2024-11-05T02:29:31Z,Falcon 9,Launch Complex 39A,True
2024-11-07T20:19:00Z,Falcon 9,Space Launch Complex 40,True
2024-11-09T06:14:00Z,Falcon 9,Space Launch Complex 4E,True
2024-11-11T17:22:00Z,Falcon 9,Launch Complex 39A,True
2024-11-11T21:28:00Z,Falcon 9,Space Launch Complex 40,True
2024-11-14T05:23:00Z,Falcon 9,Space Launch Complex 4E,True
2024-11-14T13:21:00Z,Falcon 9,Space Launch Complex 40,True
2024-11-17T22:28:00Z,Falcon 9,Launch Complex 39A,True
2024-11-18T05:53:30Z,Falcon 9,Space Launch Complex 4E,True
2024-11-18T18:31:00Z,Falcon 9,Space Launch Complex 40,True
2024-11-19T22:00:00Z,Starship,Orbital Launch Pad 1,True
2024-11-21T16:07:50Z,Falcon 9,Space Launch Complex 40,True
2024-11-24T05:25:30Z,Falcon 9,Space Launch Complex 4E,True
2024-11-25T10:02:20Z,Falcon 9,Space Launch Complex 40,True
2024-11-27T04:41:30Z,Falcon 9,Launch Complex 39A,True
2024-11-30T05:00:00Z,Falcon 9,Space Launch Complex 40,True
2024-11-30T08:10:00Z,Falcon 9,Space Launch Complex 4E,True
2024-12-04T10:13:10Z,Falcon 9,Space Launch Complex 40,True
2024-12-05T03:05:00Z,Falcon 9,Space Launch Complex 4E,True
2024-12-05T16:10:00Z,Falcon 9,Launch Complex 39A,True
2024-12-08T05:12:30Z,Falcon 9,Space Launch Complex 40,True
2024-12-13T21:55:40Z,Falcon 9,Space Launch Complex 4E,True
2024-12-17T00:52:00Z,Falcon 9,Space Launch Complex 40,True
2024-12-17T13:19:00Z,Falcon 9,Space Launch Complex 4E,True
2024-12-17T22:26:00Z,Falcon 9,Launch Complex 39A,True
2024-12-21T11:34:24Z,Falcon 9,Space Launch Complex 4E,True
2024-12-23T05:35:30Z,Falcon 9,Launch Complex 39A,True
2024-12-29T01:58:30Z,Falcon 9,Space Launch Complex 4E,True
2024-12-29T05:00:00Z,Falcon 9,Space Launch Complex 40,True
2024-12-31T05:39:10Z,Falcon 9,Launch Complex 39A,True
2025-01-04T01:27:00Z,Falcon 9,Space Launch Complex 40,True
2025-01-06T20:43:59Z,Falcon 9,Space Launch Complex 40,True
2025-01-08T15:27:00Z,Falcon 9,Launch Complex 39A,True
2025-01-10T03:53:49Z,Falcon 9,Space Launch Complex 4E,True
2025-01-10T19:11:20Z,Falcon 9,Space Launch Complex 40,True
2025-01-13T16:47:09Z,Falcon 9,Space Launch Complex 40,True
2025-01-14T19:09:00Z,Falcon 9,Space Launch Complex 4E,True
2025-01-15T06:11:39Z,Falcon 9,Launch Complex 39A,True
2025-01-16T22:37:00Z,Starship,Orbital Launch Pad 1,False
2025-01-21T05:24:50Z,Falcon 9,Launch Complex 39A,True
2025-01-21T15:45:50Z,Falcon 9,Space Launch Complex 4E,True
2025-01-24T14:07:00Z,Falcon 9,Space Launch Complex 4E,True
2025-01-27T22:05:00Z,Falcon 9,Space Launch Complex 40,True
2025-01-30T01:34:00Z,Falcon 9,Launch Complex 39A,True
2025-02-01T23:02:10Z,Falcon 9,Space Launch Complex 4E,True
2025-02-04T10:15:00Z,Falcon 9,Space Launch Complex 40,True
2025-02-04T23:13:00Z,Falcon 9,Launch Complex 39A,True
2025-02-08T19:18:30Z,Falcon 9,Space Launch Complex 40,True
2025-02-11T02:09:40Z,Falcon 9,Space Launch Complex 4E,True
2025-02-11T18:53:20Z,Falcon 9,Space Launch Complex 40,True
2025-02-15T06:14:10Z,Falcon 9,Space Launch Complex 40,True
2025-02-18T23:21:50Z,Falcon 9,Space Launch Complex 40,True
2025-02-21T15:19:00Z,Falcon 9,Space Launch Complex 40,True
2025-02-23T01:38:20Z,Falcon 9,Space Launch Complex 4E,True
2025-02-27T00:16:30Z,Falcon 9,Launch Complex 39A,True
2025-02-27T03:34:20Z,Falcon 9,Space Launch Complex 40,True
2025-03-03T02:24:00Z,Falcon 9,Space Launch Complex 40,True
2025-03-06T23:30:00Z,Starship,Orbital Launch Pad 1,False
2025-03-12T03:10:12Z,Falcon 9,Space Launch Complex 4E,True
2025-03-13T02:35:30Z,Falcon 9,Space Launch Complex 40,True
2025-03-14T23:03:48Z,Falcon 9,Launch Complex 39A,True
2025-03-15T06:43:00Z,Falcon 9,Space Launch Complex 4E,True
2025-03-15T11:35:10Z,Falcon 9,Space Launch Complex 40,True
2025-03-18T19:57:50Z,Falcon 9,Space Launch Complex 40,True
2025-03-21T06:49:00Z,Falcon 9,Space Launch Complex 4E,True
2025-03-24T17:48:00Z,Falcon 9,Space Launch Complex 40,True
2025-03-26T22:11:40Z,Falcon 9,Space Launch Complex 4E,True
2025-03-31T19:52:50Z,Falcon 9,Space Launch Complex 40,True
2025-04-01T01:46:50Z,Falcon 9,Launch Complex 39A,True
2025-04-04T01:02:50Z,Falcon 9,Space Launch Complex 4E,True
2025-04-06T03:07:20Z,Falcon 9,Space Launch Complex 40,True
2025-04-07T23:06:10Z,Falcon 9,Space Launch Complex 4E,True
2025-04-12T12:25:00Z,Falcon 9,Space Launch Complex 4E,True
2025-04-13T00:53:30Z,Falcon 9,Launch Complex 39A,True
2025-04-14T04:00:10Z,Falcon 9,Space Launch Complex 40,True
2025-04-20T12:29:00Z,Falcon 9,Space Launch Complex 4E,True
2025-04-21T08:15:45Z,Falcon 9,Launch Complex 39A,True
2025-04-22T00:48:34Z,Falcon 9,Space Launch Complex 40,True
2025-04-25T01:52:40Z,Falcon 9,Space Launch Complex 40,True
2025-04-28T02:09:40Z,Falcon 9,Space Launch Complex 40,True
2025-04-28T20:42:30Z,Falcon 9,Space Launch Complex 4E,True
2025-04-29T02:34:10Z,Falcon 9,Launch Complex 39A,True
2025-05-02T01:51:10Z,Falcon 9,Space Launch Complex 40,True
2025-05-04T08:54:40Z,Falcon 9,Launch Complex 39A,True
2025-05-07T01:17:20Z,Falcon 9,Space Launch Complex 40,True
2025-05-10T00:19:50Z,Falcon 9,Space Launch Complex 4E,True
2025-05-10T06:28:00Z,Falcon 9,Space Launch Complex 40,True
2025-05-13T01:15:10Z,Falcon 9,Space Launch Complex 4E,True
2025-05-13T05:02:20Z,Falcon 9,Launch Complex 39A,True
2025-05-14T16:38:50Z,Falcon 9,Space Launch Complex 40,True
2025-05-16T13:43:50Z,Falcon 9,Space Launch Complex 4E,True
2025-05-21T03:19:10Z,Falcon 9,Space Launch Complex 40,True
2025-05-23T22:32:20Z,Falcon 9,Space Launch Complex 4E,True
2025-05-24T17:19:10Z,Falcon 9,Space Launch Complex 40,True
2025-05-27T16:57:15Z,Falcon 9,Space Launch Complex 4E,True
2025-05-27T23:36:00Z,Starship,Orbital Launch Pad 1,False
2025-05-28T13:30:00Z,Falcon 9,Launch Complex 39A,True
2025-05-30T17:37:59Z,Falcon 9,Space Launch Complex 40,True
2025-05-31T20:10:00Z,Falcon 9,Space Launch Complex 4E,True
2025-06-03T04:43:40Z,Falcon 9,Space Launch Complex 40,True
2025-06-04T23:40:30Z,Falcon 9,Space Launch Complex 4E,True
2025-06-07T04:54:00Z,Falcon 9,Space Launch Complex 40,True
2025-06-08T14:20:10Z,Falcon 9,Space Launch Complex 4E,True
2025-06-10T13:05:40Z,Falcon 9,Space Launch Complex 40,True
2025-06-13T01:54:50Z,Falcon 9,Space Launch Complex 4E,True
2025-06-13T15:29:00Z,Falcon 9,Space Launch Complex 40,True
2025-06-17T03:36:50Z,Falcon 9,Space Launch Complex 4E,True
2025-06-18T05:55:10Z,Falcon 9,Space Launch Complex 40,True
2025-06-23T05:58:30Z,Falcon 9,Space Launch Complex 40,True
2025-06-23T21:25:30Z,Falcon 9,Space Launch Complex 4E,True
2025-06-25T06:31:52Z,Falcon 9,Launch Complex 39A,True
2025-06-25T19:54:50Z,Falcon 9,Space Launch Complex 40,True
2025-06-28T04:26:00Z,Falcon 9,Space Launch Complex 40,True
2025-06-28T17:13:00Z,Falcon 9,Space Launch Complex 4E,True
2025-07-01T21:04:00Z,Falcon 9,Launch Complex 39A,True
2025-07-02T06:28:10Z,Falcon 9,Space Launch Complex 40,True
2025-07-08T08:21:00Z,Falcon 9,Space Launch Complex 40,True
2025-07-13T05:04:00Z,Falcon 9,Space Launch Complex 40,True
2025-07-16T02:05:20Z,Falcon 9,Space Launch Complex 4E,True
2025-07-16T06:30:00Z,Falcon 9,Space Launch Complex 40,True
2025-07-19T03:52:59Z,Falcon 9,Space Launch Complex 4E,True
2025-07-22T21:12:00Z,Falcon 9,Space Launch Complex 40,True
2025-07-23T18:13:00Z,Falcon 9,Space Launch Complex 4E,True
2025-07-26T09:01:40Z,Falcon 9,Space Launch Complex 40,True
2025-07-27T04:31:09Z,Falcon 9,Space Launch Complex 4E,True
2025-07-30T03:37:50Z,Falcon 9,Space Launch Complex 40,True
2025-07-31T18:35:09Z,Falcon 9,Space Launch Complex 4E,True
2025-08-01T15:43:42Z,Falcon 9,Launch Complex 39A,True
2025-08-04T07:57:50Z,Falcon 9,Space Launch Complex 40,True
2025-08-11T12:35:00Z,Falcon 9,Space Launch Complex 40,True
2025-08-14T05:05:37Z,Falcon 9,Space Launch Complex 4E,True
2025-08-14T12:29:30Z,Falcon 9,Space Launch Complex 40,True
2025-08-18T16:26:49Z,Falcon 9,Space Launch Complex 4E,True
2025-08-22T03:50:00Z,Falcon 9,Launch Complex 39A,True
2025-08-22T17:04:49Z,Falcon 9,Space Launch Complex 4E,True
2025-08-24T06:45:36Z,Falcon 9,Space Launch Complex 40,True
2025-08-26T18:53:41Z,Falcon 9,Space Launch Complex 4E,True
2025-08-26T23:30:00Z,Starship,Orbital Launch Pad 1,True
2025-08-27T11:10:40Z,Falcon 9,Space Launch Complex 40,True
2025-08-28T08:12:00Z,Falcon 9,Launch Complex 39A,True
2025-08-30T04:59:14Z,Falcon 9,Space Launch Complex 4E,True
2025-08-31T11:49:00Z,Falcon 9,Space Launch Complex 40,True
2025-09-03T03:51:26Z,Falcon 9,Space Launch Complex 4E,True
2025-09-03T11:56:10Z,Falcon 9,Space Launch Complex 40,True
2025-09-05T12:32:30Z,Falcon 9,Launch Complex 39A,True
2025-09-06T18:06:39Z,Falcon 9,Space Launch Complex 4E,True
2025-09-10T14:12:11Z,Falcon 9,Space Launch Complex 4E,True
2025-09-12T01:56:00Z,Falcon 9,Space Launch Complex 40,True
2025-09-13T17:55:49Z,Falcon 9,Space Launch Complex 4E,True
2025-09-14T22:11:48Z,Falcon 9,Space Launch Complex 40,True
2025-09-18T09:30:00Z,Falcon 9,Space Launch Complex 40,True
2025-09-19T16:31:39Z,Falcon 9,Space Launch Complex 4E,True
2025-09-21T10:53:00Z,Falcon 9,Space Launch Complex 40,True
2025-09-22T17:38:00Z,Falcon 9,Space Launch Complex 4E,True
2025-09-24T11:30:50Z,Falcon 9,Launch Complex 39A,True
2025-09-25T08:39:00Z,Falcon 9,Space Launch Complex 40,True
2025-09-26T04:26:29Z,Falcon 9,Space Launch Complex 4E,True
2025-09-29T02:04:50Z,Falcon 9,Space Launch Complex 4E,True
2025-10-03T14:06:50Z,Falcon 9,Space Launch Complex 4E,True
2025-10-07T06:46:10Z,Falcon 9,Space Launch Complex 40,True
2025-10-08T03:54:00Z,Falcon 9,Space Launch Complex 4E,True
2025-10-13T23:23:41Z,Starship,Orbital Launch Pad 1,True
2025-10-14T01:58:00Z,Falcon 9,Space Launch Complex 40,True
2025-10-15T23:06:06Z,Falcon 9,Space Launch Complex 4E,True
2025-10-16T09:27:10Z,Falcon 9,Space Launch Complex 40,True
2025-10-19T17:39:40Z,Falcon 9,Space Launch Complex 40,True
2025-10-19T19:24:00Z,Falcon 9,Space Launch Complex 4E,True
2025-10-22T14:16:20Z,Falcon 9,Space Launch Complex 4E,True
2025-10-24T01:30:00Z,Falcon 9,Space Launch Complex 40,True
2025-10-25T14:20:50Z,Falcon 9,Space Launch Complex 4E,True
2025-10-26T15:00:40Z,Falcon 9,Space Launch Complex 40,True
2025-10-28T00:43:49Z,Falcon 9,Space Launch Complex 4E,True
2025-10-29T16:35:20Z,Falcon 9,Space Launch Complex 40,True
2025-10-31T20:41:10Z,Falcon 9,Space Launch Complex 4E,True
2025-11-02T05:09:59Z,Falcon 9,Space Launch Complex 40,True
2025-11-06T01:31:10Z,Falcon 9,Space Launch Complex 40,True
2025-11-06T21:13:50Z,Falcon 9,Space Launch Complex 4E,True
2025-11-09T08:10:10Z,Falcon 9,Launch Complex 39A,True
2025-11-11T03:21:30Z,Falcon 9,Space Launch Complex 40,True
2025-11-15T03:08:10Z,Falcon 9,Launch Complex 39A,True
2025-11-15T06:44:20Z,Falcon 9,Space Launch Complex 40,True
2025-11-17T05:21:42Z,Falcon 9,Space Launch Complex 4E,True
2025-11-19T00:12:20Z,Falcon 9,Space Launch Complex 40,True
2025-11-21T03:39:30Z,Falcon 9,Launch Complex 39A,True
2025-11-22T07:53:50Z,Falcon 9,Space Launch Complex 40,True
2025-11-23T08:48:00Z,Falcon 9,Space Launch Complex 4E,True
2025-11-28T18:44:30Z,Falcon 9,Space Launch Complex 4E,True
2025-12-01T07:44:10Z,Falcon 9,Launch Complex 39A,True
2025-12-02T05:28:20Z,Falcon 9,Space Launch Complex 4E,True
2025-12-02T22:18:50Z,Falcon 9,Space Launch Complex 40,True
2025-12-04T20:42:20Z,Falcon 9,Space Launch Complex 4E,True
2025-12-07T17:58:30Z,Falcon 9,Space Launch Complex 4E,True
2025-12-08T22:26:10Z,Falcon 9,Launch Complex 39A,True
2025-12-09T19:16:25Z,Falcon 9,Space Launch Complex 40,True
2025-12-10T11:40:30Z,Falcon 9,Space Launch Complex 4E,True
2025-12-11T22:01:20Z,Falcon 9,Space Launch Complex 40,True
2025-12-14T05:49:00Z,Falcon 9,Space Launch Complex 4E,True
2025-12-15T05:25:10Z,Falcon 9,Space Launch Complex 40,True
2025-12-17T13:42:10Z,Falcon 9,Launch Complex 39A,True
2025-12-17T15:27:50Z,Falcon 9,Space Launch Complex 4E,True
2025-12-28T02:08:00Z,Falcon 9,Space Launch Complex 4E,False
